naics12,naics17,ratio
4521,4522,0.4952554527625349
4521,4523,0.5047445472374651
4529,4523,1
5171,5173,1
5172,5173,1
