naics17,naics12,ratio
4522,4521,1
4523,4521,0.15430188762495453
4523,4529,0.8456981123750454
5173,5171,0.6940514195007956
5173,5172,0.30594858049920437
